{"epochs": [0, 5, 10, 15, 20, 25, 30, 35, 40, 45, 50, 55, 60, 65, 70, 75, 80, 85, 90, 95], "train_loss": [5.628783702850342, 3.533160835504532, 2.868638724088669, 2.596308320760727, 2.2892512679100037, 2.0979963839054108, 1.9071925580501556, 1.7479957342147827, 1.6140607297420502, 1.5009803026914597, 1.4283094108104706, 1.3353831321001053, 1.2895593345165253, 1.2308355420827866, 1.1963808089494705, 1.156356319785118, 1.1204276978969574, 1.0950613021850586, 1.0668902844190598, 1.047515794634819], "val_rating_mse": [1.6457957029342651, 0.26675060391426086, 0.27624988555908203, 0.29839786887168884, 0.22210587561130524, 0.18287546932697296, 0.18325009942054749, 0.16840948164463043, 0.1652367264032364, 0.15817658603191376, 0.15567311644554138, 0.1500014066696167, 0.14222243428230286, 0.1342829316854477, 0.12817636132240295, 0.12195829302072525, 0.11538051068782806, 0.10964919626712799, 0.10261062532663345, 0.0970931351184845], "val_category_acc": [0.005678361387142568, 0.2851348610829446, 0.3356317177043196, 0.5359967552220645, 0.5424863110930845, 0.5941999594402758, 0.6098154532549178, 0.6440884201987427, 0.6793753802474143, 0.6958020685459338, 0.7160819306428716, 0.7325086189413912, 0.73940377205435, 0.7473129182721557, 0.7487325086189414, 0.753396876901237, 0.756033258973839, 0.7574528493206246, 0.7600892313932265, 0.7645508010545529], "learning_rate": [0.001, 0.001, 0.001, 0.001, 0.001, 0.001, 0.001, 0.001, 0.001, 0.001, 0.001, 0.001, 0.001, 0.001, 0.001, 0.001, 0.001, 0.001, 0.001, 0.001], "gpu_memory": [1990754304, 2025062400, 2043658240, 2054717440, 2074886144, 2075557888, 2080587776, 2081669120, 2086780928, 2091827200, 2091843584, 2101215232, 2122989568, 2133114880, 2133131264, 2133147648, 2138210304, 2155249664, 2155315200, 2160328704], "epoch_time": [0.36045289039611816, 0.26193976402282715, 0.16007709503173828, 0.17809605598449707, 0.265596866607666, 0.17572832107543945, 0.22564005851745605, 0.14065098762512207, 0.24970412254333496, 0.20189189910888672, 0.26343822479248047, 0.19882607460021973, 0.09931802749633789, 0.19420409202575684, 0.43594884872436523, 0.48112010955810547, 0.23308181762695312, 0.10391879081726074, 0.20315003395080566, 0.24909496307373047]}